OPIS Truckstop ID,Truckstop_Name,Address,City,State,Rack_ID,Average_Retail_Price,Highest_Price,city_lat,city_lon,row_index,Geocoded_Lat,Geocoded_Lon,Matched_Address,Query_Used,Attempt,Geocode_Status,Done
65066,HURLOCK CITGO,SR-392 & SR-331,Hurlock,MD,194,3.259,3.259,38.6268,-75.864,2366,38.63,-75.85539,,"HURLOCK CITGO, SR-392 & SR-331, Hurlock, MD",1,OK,done
65067,SUNOCO,US-301,Newburg,MD,60,3.379,3.379,nan,nan,2367,38.36648,-76.96857,,"SUNOCO, US-301, Newburg, MD",1,OK,done
65069,CIRCLE K #4707056,"I-95, EXIT 75",Auburn,ME,170,3.899,3.899,44.0851,-70.2492,2368,,,"ERROR: 403 Denied: {""message"":""Missing Authentication Token""}",,99,ERROR,not done
65074,CIRCLE K #4707004,"I-95, EXIT 244 & SR-157",Medway,ME,170,3.50233333,3.50233333,nan,nan,2369,45.59623,-68.5351,,"CIRCLE K #4707004, I-95, EXIT 244 & SR-157, Medway, ME",1,OK,done
65075,CIRCLE K #4707017,"I-95, EXIT 48",Portland,ME,170,3.74233333,3.74233333,43.6773,-70.2715,2370,43.68547,-70.32857,,"CIRCLE K #4707017, Portland, ME",3,OK,done
65083,SUNOCO,"I-75, EXIT 34B",Riverview,MI,325,3.639,3.639,42.1723,-83.1946,2371,42.1762,-83.24353,,"SUNOCO, I-75, EXIT 34B, Riverview, MI",1,OK,done
65084,BEACON & BRIDGE #19,US-131 & SR-115,Cadillac,MI,260,3.259,3.279,44.2493,-85.4164,2372,44.20207,-85.4063,,"BEACON & BRIDGE #19, US-131 & SR-115, Cadillac, MI",1,OK,done
65086,FRED MOORE BP,"I-94, EXIT 257",Casco,MI,325,4.099,4.099,nan,nan,2373,,,"ERROR: 403 Denied: {""message"":""Missing Authentication Token""}",,99,ERROR,not done
65088,Circle K #2746528,US-41/SR-28 & SR-95,Champion,MI,360,3.819,3.819,nan,nan,2374,46.49281,-87.81598,,"Circle K #2746528, US-41/SR-28 & SR-95, Champion, MI",1,OK,done
65091,WYOMING FUEL PLAZA,"I-94, EXIT 210A",Dearborn,MI,325,3.599,3.599,42.3127,-83.213,2375,42.32885,-83.1567,,"WYOMING FUEL PLAZA, I-94, EXIT 210A, Dearborn, MI",1,OK,done
65092,BP,"I-94 & US-12, EXIT 210",Dearborn,MI,325,3.659,4.099,42.3127,-83.213,2376,42.31913,-83.16642,,"BP, I-94 & US-12, EXIT 210, Dearborn, MI",1,OK,done
65094,MARATHON,"I-75 & SR-32, EXIT 282",Gaylord,MI,287,3.814,3.829,45.0208,-84.6809,2377,45.02784,-84.70244,,"MARATHON, I-75 & SR-32, EXIT 282, Gaylord, MI",1,OK,done
65108,PICKLEMANS ONE STOP-ZEPHYR,ST 28,Newberry,MI,360,3.699,3.699,46.3538,-85.5098,2378,46.30304,-85.51151,,"PICKLEMANS ONE STOP-ZEPHYR, ST 28, Newberry, MI",1,OK,done
65113,NORTHWIND TRAVEL CENTER,"US-131, EXIT 153 & US-10",Reed City,MI,456,3.5490000000000004,3.599,43.8725,-85.5068,2379,43.87644,-85.51012,,"NORTHWIND TRAVEL CENTER, US-131, EXIT 153 & US-10, Reed City, MI",1,OK,done
65121,BP TRAVEL CENTER AND TRUCK PLAZA,"I-275, EXIT 20",Belleville,MI,325,4.199,4.199,42.2022,-83.4839,2380,,,"ERROR: 403 Denied: {""message"":""Missing Authentication Token""}",,99,ERROR,not done
65127,PITSTOP MOBIL MART,"I-196, EXIT 72",Wyoming,MI,456,3.674,3.799,42.8908,-85.7066,2381,42.86316,-85.72255,,"PITSTOP MOBIL MART, I-196, EXIT 72, Wyoming, MI",1,OK,done
65129,HOLIDAY STATIONSTORE #2746345,"I-94, EXIT 103/US-52 & SR-29",Alexandria,MN,250,3.499,3.499,45.8776,-95.3767,2382,45.88919,-95.37349,,"HOLIDAY STATIONSTORE #2746345, I-94, EXIT 103/US-52 & SR-29, Alexandria, MN",1,OK,done
65132,PETES PLACE SOUTH,US-71 & US-2,Bemidji,MN,355,3.41566666,3.41566666,47.4828,-94.8797,2383,47.42908,-94.86483,,"PETES PLACE SOUTH, US-71 & US-2, Bemidji, MN",1,OK,done
65135,CIRCLE K #3819,SR-7,Clara City,MN,432,3.33233333,3.33233333,44.9576,-95.3671,2384,44.9448,-95.34815,,"CIRCLE K #3819, SR-7, Clara City, MN",1,OK,done
65136,HOLIDAY STATIONSTORE #2746422,"I-35, EXIT 253B",Duluth,MN,334,3.499,3.499,46.7756,-92.1393,2385,46.76036,-92.12929,,"HOLIDAY STATIONSTORE #2746422, I-35, EXIT 253B, Duluth, MN",1,OK,done
65141,KWIK TRIP #619,US-14 & ST-57,Kasson,MN,515,3.549,3.549,44.0333,-92.7479,2386,44.02151,-92.74694,,"KWIK TRIP #619, US-14 & ST-57, Kasson, MN",1,OK,done
65142,HOLIDAY STATIONSTORE #2746376,"I-35W, EXIT 36 & CR-23",Circle Pines,MN,448,3.549,3.549,45.1409,-93.1505,2387,,,"ERROR: 403 Denied: {""message"":""Missing Authentication Token""}",,99,ERROR,not done
65153,7Fleet #46516,"I-75, EXIT 164",Waite Park,MN,250,3.459,3.459,45.5313,-94.2528,2388,45.55497,-94.22564,,"7Fleet #46516, I-75, EXIT 164, Waite Park, MN",1,OK,done
65162,Petro Mart #15,I-270 EXIT 33,Saint Louis,MO,540,2.904,2.904,nan,nan,2389,38.4916,-90.46389,,"Petro Mart #15, I-270 EXIT 33, Saint Louis, MO",1,OK,done
65165,AMERIMART # 11,US-61,Jackson,MO,275,3.299,3.299,37.3792,-89.6522,2390,37.36646,-89.63791,,"AMERIMART # 11, US-61, Jackson, MO",1,OK,done
65171,SIGNAL FOOD STORE #110,US-60 & SR-5,Mansfield,MO,535,3.02566666,3.02566666,37.1102,-92.5804,2391,37.11361,-92.59947,,"SIGNAL FOOD STORE #110, US-60 & SR-5, Mansfield, MO",1,OK,done
65177,KUM & GO #0497,US-60/SR-413 & CR-M,Republic,MO,535,3.079,3.079,37.1452,-93.4446,2392,1.33437,103.74367,,"KUM & GO #0497, US-60/SR-413 & CR-M, Republic, MO",1,OK,done
65178,WILD BILLS TRAVEL CENTER,US-65 & SR-14,Ridgedale,MO,535,3.199,3.199,nan,nan,2393,36.50042,-93.223,,"WILD BILLS TRAVEL CENTER, US-65 & SR-14, Ridgedale, MO",1,OK,done
65180,TREX MART #11,"I-29, EXIT 65 & US-59",Savannah,MO,400,2.999,2.999,39.9391,-94.8279,2394,39.96905,-94.97238,,"TREX MART #11, I-29, EXIT 65 & US-59, Savannah, MO",1,OK,done
65188,GAS MART,"US-78, EXIT 14 & SR-309",Byhalia,MS,435,2.97233333,2.97233333,34.869,-89.689,2395,34.87419,-89.6885,,"GAS MART, US-78, EXIT 14 & SR-309, Byhalia, MS",1,OK,done
65192,CIRCLE K #2723396,US-49,Collins,MS,620,3.879,3.879,31.6469,-89.5669,2396,31.62243,-89.6433,,"CIRCLE K #2723396, US-49, Collins, MS",1,OK,done
65194,CIRCLE K #2723401,US-98 BYP/SR-44 & SR-13,Columbia,MS,620,3.33233333,3.33233333,31.2564,-89.8266,2397,31.2367,-89.84358,,"CIRCLE K #2723401, US-98 BYP/SR-44 & SR-13, Columbia, MS",1,OK,done
65197,SINGH PETRO,US-11,Ellisville,MS,620,3.059,3.059,31.5969,-89.2091,2398,31.61787,-89.18728,,"SINGH PETRO, US-11, Ellisville, MS",1,OK,done
65198,CIRCLE K #2723437,US-49,Florence,MS,760,2.89566666,2.89566666,32.1557,-90.1225,2399,32.15503,-90.1238,,"CIRCLE K #2723437, Florence, MS",3,OK,done
65204,SHELL GAS MART,US-82,Mathiston,MS,576,3.36566666,3.36566666,33.5391,-89.1275,2400,33.53968,-89.11418,,"SHELL GAS MART, US-82, Mathiston, MS",1,OK,done
65212,Taters #2,US-98 & SR-29,New Augusta,MS,620,3.31566666,3.31566666,31.2036,-89.0272,2401,31.20098,-89.03449,,"Taters #2, US-98 & SR-29, New Augusta, MS",1,OK,done
65213,CIRCLE K #2723390,US-98,New Augusta,MS,620,3.199,3.199,31.2036,-89.0272,2402,31.20107,-89.04126,,"CIRCLE K #2723390, US-98, New Augusta, MS",1,OK,done
65214,NEWTON CROSSING,"I-20, EXIT 109 & SR-15",Newton,MS,705,3.249,3.249,32.3296,-89.1534,2403,32.36193,-89.12958,,"NEWTON CROSSING, I-20, EXIT 109 & SR-15, Newton, MS",1,OK,done
65216,STUCKEYS EXPRESS,US-43S,Pelahatchie,MS,760,3.199,3.199,32.3148,-89.8083,2404,32.31651,-89.78793,,"STUCKEYS EXPRESS, US-43S, Pelahatchie, MS",1,OK,done
65221,CEFCO #544,"I-55/US-51, EXIT 81",Terry,MS,760,2.899,2.899,32.1047,-90.298,2405,32.1305,-90.28765,,"CEFCO #544, I-55/US-51, EXIT 81, Terry, MS",1,OK,done
65223,SHELL EXPRESS MART,SR-7 & SR-315,Water Valley,MS,435,3.06566666,3.06566666,34.1622,-89.63,2406,34.17905,-89.46163,,"SHELL EXPRESS MART, SR-7 & SR-315, Water Valley, MS",1,OK,done
65225,CIRCLE K #2723402,US-49,Wiggins,MS,620,3.509,3.509,30.8557,-89.1386,2407,30.93441,-89.09269,,"CIRCLE K #2723402, US-49, Wiggins, MS",1,OK,done
65234,COUNTRY MART,US-13/SR-11,Bethel,NC,205,3.00733333,3.00733333,35.8072,-77.3763,2408,35.80674,-77.37404,,"COUNTRY MART, Bethel, NC",3,OK,done
65241,CIRCLE K #2723474,US-70,Goldsboro,NC,205,3.54066666,3.54066666,35.3778,-77.9717,2409,35.41106,-78.03536,,"CIRCLE K #2723474, US-70, Goldsboro, NC",1,OK,done
65246,DOBBS PLACE,"I-95, EXIT 17",Lumberton,NC,245,3.159,3.159,34.6312,-79.0186,2410,34.62236,-79.0549,,"DOBBS PLACE, I-95, EXIT 17, Lumberton, NC",1,OK,done
65250,CIRCLE K #2723473,US-70,Morehead City,NC,245,3.649,3.649,34.7308,-76.7388,2411,34.741,-76.81684,,"CIRCLE K #2723473, US-70, Morehead City, NC",1,OK,done
65251,SPEEDWAY #8277,US-17 & SR-43,New Bern,NC,245,3.26566666,3.26566666,35.0955,-77.0723,2412,35.08581,-77.14965,,"SPEEDWAY #8277, US-17 & SR-43, New Bern, NC",1,OK,done
65252,SPEEDWAY #6964,SR-125 & SR-11/SR-42,Oak City,NC,205,3.19733333,3.19733333,35.9625,-77.3051,2413,35.96255,-77.31295,,"SPEEDWAY #6964, SR-125 & SR-11/SR-42, Oak City, NC",1,OK,done
65267,CIRCLE K #2720939,"I-795/US-264, EXIT 43A & US-301",Wilson,NC,205,3.049,3.049,35.7311,-77.9284,2414,35.71244,-77.88819,,"CIRCLE K #2720939, I-795/US-264, EXIT 43A & US-301, Wilson, NC",1,OK,done
65268,SPEEDWAY #6931,"I-40, EXIT 195 & SR-109",Winston Salem,NC,65,3.609,3.609,nan,nan,2415,35.98883,-80.13547,,"SPEEDWAY #6931, I-40, EXIT 195 & SR-109, Winston Salem, NC",1,OK,done
65270,INTERSTATE CENEX,"I-94, EXIT 1 & SR-16",Beach,ND,273,3.499,3.499,46.9189,-104.0055,2416,46.92953,-104.00695,,"INTERSTATE CENEX, I-94, EXIT 1 & SR-16, Beach, ND",1,OK,done
65273,SIMONSON TRAVEL CENTER,"I-29, EXIT 141 & US-2",Grand Forks,ND,341,3.539,3.539,47.9214,-97.0884,2417,47.93353,-97.09128,,"SIMONSON TRAVEL CENTER, I-29, EXIT 141 & US-2, Grand Forks, ND",1,OK,done
65274,CENEX C STORE,US-2 & SR-3,Rugby,ND,452,3.399,3.399,48.3654,-99.9903,2418,48.35547,-99.99996,,"CENEX C STORE, US-2 & SR-3, Rugby, ND",1,OK,done
65282,HEBRON SINCLAIR,US-81,Hebron,NE,413,3.284,3.284,40.1685,-97.5866,2419,40.17552,-97.57493,,"HEBRON SINCLAIR, US-81, Hebron, NE",1,OK,done
65283,CUBBYS #2107,US-20/SR-15,Laurel,NE,470,3.139,3.139,42.4301,-97.0986,2420,42.45672,-97.09382,,"CUBBYS #2107, US-20/SR-15, Laurel, NE",1,OK,done
65284,Caseys #4526,"I-80, EXIT 237",Lexington,NE,330,3.05733333,3.05733333,40.7779,-99.7461,2421,40.74277,-99.74554,,"Caseys #4526, I-80, EXIT 237, Lexington, NE",1,OK,done
65287,AM ENERGY,"I-80, EXIT 248",Overton,NE,330,2.899,2.899,40.7405,-99.5374,2422,40.73869,-99.5383,,"AM ENERGY, Overton, NE",3,OK,done
65289,SHOEMAKERS SOUTH,US-77,Roca,NE,413,3.349,3.349,40.658,-96.6614,2423,40.6979,-96.70418,,"SHOEMAKERS SOUTH, US-77, Roca, NE",1,OK,done
65290,ESSENTIAL FUEL #3,ST 71,Scottsbluff,NE,475,3.599,3.599,41.8684,-103.6616,2424,41.85572,-103.67198,,"ESSENTIAL FUEL #3, ST 71, Scottsbluff, NE",1,OK,done
65292,CUBBYS #117,SR-2 & SR-50,Syracuse,NE,319,3.319,3.319,40.6635,-96.1827,2425,37.06973,15.28661,,"CUBBYS #117, SR-2 & SR-50, Syracuse, NE",1,OK,done
65293,TRAILS WEST SINCLAIR,US-34 & SR-25,Trenton,NE,475,3.499,3.499,40.1747,-101.0136,2426,40.18319,-101.01254,,"TRAILS WEST SINCLAIR, US-34 & SR-25, Trenton, NE",1,OK,done
65294,PRIME STOP,ST 35                         ,Wayne,NE,470,3.244,3.244,42.2379,-97.0101,2427,42.23083,-97.01781,,"PRIME STOP, ST 35                         , Wayne, NE",1,OK,done
65296,CIRCLE K #4707214,"I-93, EXIT 12S & I-89 & SR-3A",Bow,NH,170,4.199,4.199,nan,nan,2428,,,"ERROR: 403 Denied: {""message"":""Missing Authentication Token""}",,99,ERROR,not done
65299,EPPING FUELING CENTER,SR-27 & SR-125,Epping,NH,125,4.029,4.029,nan,nan,2429,51.69192,0.10875,,"EPPING FUELING CENTER, SR-27 & SR-125, Epping, NH",1,OK,done
65308,SUNOCO,SR-17,East Rutherford,NJ,115,3.19233333,3.19233333,40.8179,-74.0854,2430,40.82813,-74.09337,,"SUNOCO, SR-17, East Rutherford, NJ",1,OK,done
65310,Edison Fuel Stop,US-1,Edison,NJ,115,3.159,3.159,nan,nan,2431,40.50839,-74.39024,,"Edison Fuel Stop, US-1, Edison, NJ",1,OK,done
65314,Union 76,"I-55, EXIT 50A",Richwood,NJ,150,3.399,3.399,39.7139,-75.1731,2432,40.59905,-74.97314,,"Union 76, I-55, EXIT 50A, Richwood, NJ",1,OK,done
65315,SUNOCO- RICHARD STOCKTON PLAZA #7009,NJ TURNPIKE MILE POST 58.7 ,Trenton,NJ,115,3.899,3.899,40.2237,-74.7641,2433,40.23045,-74.6857,,"SUNOCO- RICHARD STOCKTON PLAZA #7009, NJ TURNPIKE MILE POST 58.7 , Trenton, NJ",1,OK,done
65319,PHILLIPS 66,US-30,Clementon,NJ,150,3.199,3.199,39.8046,-74.985,2434,39.82553,-74.99855,,"PHILLIPS 66, US-30, Clementon, NJ",1,OK,done
65320,PILOT #891,"I-80, EXIT 27B",Ledgewood,NJ,105,4.099,4.099,40.8769,-74.6724,2435,40.89485,-74.64296,,"PILOT #891, I-80, EXIT 27B, Ledgewood, NJ",1,OK,done
65328,THIND TRAVEL PLAZA,SR-20,North Bergen,NJ,115,3.259,3.259,nan,nan,2436,,,"ERROR: 403 Denied: {""message"":""Missing Authentication Token""}",,99,ERROR,not done
65329,UTE MOUNTAIN TRAVEL CENTER,US-160 & US-491,Towaoc,CO,810,3.45733333,3.45733333,37.2126,-108.7265,2437,37.11095,-108.7252,,"UTE MOUNTAIN TRAVEL CENTER, US-160 & US-491, Towaoc, CO",1,OK,done
65332,BETTY ROSS TRUCK STOP /BP,US-130 & SR-73,Pennsauken,NJ,150,3.329,3.329,nan,nan,2438,39.94766,-75.06737,,"BETTY ROSS TRUCK STOP /BP, US-130 & SR-73, Pennsauken, NJ",1,OK,done
65334,SUNOCO,US 22 WEST,Phillipsburg,NJ,115,3.329,3.329,40.6894,-75.1821,2439,40.69488,-75.15934,,"SUNOCO, US 22 WEST, Phillipsburg, NJ",1,OK,done
65335,CONOCO,US-22,Phillipsburg,NJ,90,3.359,3.359,40.6894,-75.1821,2440,40.69365,-75.15859,,"CONOCO, US-22, Phillipsburg, NJ",1,OK,done
65338,SWIFT FUEL STOP,"I-78, EXIT 13",Newark,NJ,115,3.879,3.879,40.7245,-74.1725,2441,40.70846,-74.18769,,"SWIFT FUEL STOP, I-78, EXIT 13, Newark, NJ",1,OK,done
65339,US GAS & DIESEL,US-46,Ridgefield,NJ,115,3.229,3.229,40.8313,-74.0147,2442,40.84399,-74.00714,,"US GAS & DIESEL, US-46, Ridgefield, NJ",1,OK,done
65343,ENRITE,"I-287, EXIT 4",South Plainfield,NJ,115,3.999,3.999,40.5748,-74.4152,2443,40.55139,-74.40943,,"ENRITE, I-287, EXIT 4, South Plainfield, NJ",1,OK,done
65345,SOUTH BRUNSWICK VALERO,US-130,North Brunswick,NJ,115,3.16566666,3.16566666,nan,nan,2444,40.33029,-74.50718,,"SOUTH BRUNSWICK VALERO, US-130, North Brunswick, NJ",1,OK,done
65350,Phillips 66,"I-295, EXIT 1",Vineland,NJ,150,3.359,3.359,39.4653,-74.9981,2445,39.50045,-74.99454,,"Phillips 66, I-295, EXIT 1, Vineland, NJ",1,OK,done
65351,RIGGINS TRUCK PLAZA,"I-55, EXIT 26",Vineland,NJ,150,3.269,3.269,39.4653,-74.9981,2446,39.42571,-75.02345,,"RIGGINS TRUCK PLAZA, I-55, EXIT 26, Vineland, NJ",1,OK,done
65353,SUNOCO- GROVER CLEVELAND TRAVEL PLAZA #7014,"NORTH NJ TNPK, EXIT 11",Woodbridge,NJ,115,3.899,3.899,nan,nan,2447,40.59975,-74.31245,,"SUNOCO- GROVER CLEVELAND TRAVEL PLAZA #7014, NORTH NJ TNPK, EXIT 11, Woodbridge, NJ",1,OK,done
65359,ROAD RUNNER TRAVEL CENTER,"I-25, EXIT 156",Lemitar,NM,580,3.299,3.299,34.1551,-106.9122,2448,34.1572,-106.92023,,"ROAD RUNNER TRAVEL CENTER, I-25, EXIT 156, Lemitar, NM",1,OK,done
65360,Roswell #60,US-285,Roswell,NM,593,3.36566666,3.36566666,33.373,-104.5294,2449,33.39878,-104.52278,,"Roswell #60, US-285, Roswell, NM",1,OK,done
65361,BLACK MESA TRAVEL CENTER,"I-25, EXIT 252",Algodones,NM,580,3.269,3.269,35.3804,-106.4731,2450,35.43993,-106.44393,,"BLACK MESA TRAVEL CENTER, I-25, EXIT 252, Algodones, NM",1,OK,done
65365,CHEVRON #381125,US-95,Hawthorne,NV,966,4.079,4.079,38.5253,-118.626,2451,38.53472,-118.62935,,"CHEVRON #381125, US-95, Hawthorne, NV",1,OK,done
65373,CHAMPLAIN PETERBILT FUEL MART,"I-87, EXIT 43",Champlain,NY,39,3.799,3.799,nan,nan,2452,44.995,-73.45968,,"CHAMPLAIN PETERBILT FUEL MART, I-87, EXIT 43, Champlain, NY",1,OK,done
65377,PETROL 9 W,US-9W,Glenmont,NY,12,3.699,3.699,nan,nan,2453,42.60938,-73.78886,,"PETROL 9 W, US-9W, Glenmont, NY",1,OK,done
65379,MIRABITO #74,"SR-79 N/I-88E, EXIT 6",Harpursville,NY,12,4.659,4.659,nan,nan,2454,42.18396,-75.63358,,"MIRABITO #74, SR-79 N/I-88E, EXIT 6, Harpursville, NY",1,OK,done
65381,NATIVE PRIDE,"I-90, EXIT 58 & US-20",Irving,NY,38,2.949,2.999,nan,nan,2455,42.5719,-79.09388,,"NATIVE PRIDE, I-90, EXIT 58 & US-20, Irving, NY",1,OK,done
65383,M AND M ALLEGANY JUNCTION,"I-86/SR-17, EXIT 23 & US-219/US-219 BUS",Limestone,NY,38,3.129,3.129,42.0229,-78.6331,2456,42.00449,-78.62099,,"M AND M ALLEGANY JUNCTION, I-86/SR-17, EXIT 23 & US-219/US-219 BUS, Limestone, NY",1,OK,done
65386,MIRABITO #73,"I-88, EXIT 12",Otego,NY,12,3.999,3.999,nan,nan,2457,42.38014,-75.18786,,"MIRABITO #73, I-88, EXIT 12, Otego, NY",1,OK,done
65387,MAPLEFIELDS,SR-22 & SR-442,Peru,NY,235,3.799,3.799,nan,nan,2458,44.60309,-73.54235,,"MAPLEFIELDS, SR-22 & SR-442, Peru, NY",1,OK,done
65392,CIRCLE K #4707622,"I-90, EXIT 41",Seneca Falls,NY,220,3.999,3.999,nan,nan,2459,42.96024,-76.84561,,"CIRCLE K #4707622, I-90, EXIT 41, Seneca Falls, NY",1,OK,done
65395,BELLSTORES #132,US-30 & SR-60,Ashland,OH,249,3.499,3.499,40.8668,-82.3156,2460,40.8688,-82.31626,,"BELLSTORES #132, US-30 & SR-60, Ashland, OH",1,OK,done
65398,QUICK FUEL #2306,"I-480, EXIT 12",Brookpark,OH,305,3.669,3.669,nan,nan,2461,41.41355,-81.80727,,"QUICK FUEL #2306, I-480, EXIT 12, Brookpark, OH",1,OK,done
65400,NORTHSIDE FUEL STOP,US-30 & SR-19,Bucyrus,OH,411,3.50733333,3.50733333,40.8054,-82.9719,2462,40.81208,-82.97534,,"NORTHSIDE FUEL STOP, US-30 & SR-19, Bucyrus, OH",1,OK,done
65406,MOBIL,"I-90/SR-2, EXIT 182B",Cleveland,OH,305,3.76566666,3.76566666,41.4764,-81.6805,2463,41.57907,-81.54486,,"MOBIL, I-90/SR-2, EXIT 182B, Cleveland, OH",1,OK,done
65411,CLARKS PUMP N SHOP #10,SR- 32,Jackson,OH,315,3.699,3.699,39.0448,-82.6458,2464,39.03099,-82.63728,,"CLARKS PUMP N SHOP #10, SR- 32, Jackson, OH",1,OK,done
65415,SPEEDWAY #9314,US-20 & SR-21,Massillon,OH,249,3.48233333,3.48233333,40.7838,-81.5254,2465,40.74763,-81.51652,,"SPEEDWAY #9314, US-20 & SR-21, Massillon, OH",1,OK,done
65423,BARNEYS CONVENIENCE MART #15,"I-75, EXIT 195 & I-90, EXIT 64 & SR-795",Rossford,OH,550,3.599,3.599,41.5812,-83.5682,2466,,,"ERROR: 403 Denied: {""message"":""Missing Authentication Token""}",,99,ERROR,not done
65426,CIRCLE K #4705357,US-23 & SR-316,Ashville,OH,315,3.089,3.089,39.7238,-82.9575,2467,39.71296,-82.95437,,"CIRCLE K #4705357, US-23 & SR-316, Ashville, OH",1,OK,done
65431,QUICK MART AND MORE,US-22 & SR-43,Steubenville,OH,573,3.639,3.639,40.3653,-80.6519,2468,40.37111,-80.68546,,"QUICK MART AND MORE, US-22 & SR-43, Steubenville, OH",1,OK,done
65441,HUTCH'S #103,SR-6 & SR-66,Elk City,OK,483,2.969,2.969,35.3862,-99.4301,2469,35.41184,-99.4051,,"HUTCH'S #103, SR-6 & SR-66, Elk City, OK",1,OK,done
65444,TXB #24 dba Kwik Chek Food Stores,US-70,Hugo,OK,253,2.969,2.969,34.0118,-95.5115,2470,34.01167,-95.5114,,"TXB #24 dba Kwik Chek Food Stores, US-70, Hugo, OK",1,OK,done
65445,QWIK CHEQUE,US-70 & SR-37,Idabel,OK,253,3.199,3.199,33.904,-94.8285,2471,33.89546,-94.87497,,"QWIK CHEQUE, US-70 & SR-37, Idabel, OK",1,OK,done
65451,Petes #15,US-169 & SR-88,Oologah,OK,560,3.159,3.159,36.4438,-95.7089,2472,36.4379,-95.70917,,"Petes #15, US-169 & SR-88, Oologah, OK",1,OK,done
65457,THACKERSVILLE TRAVEL PLAZA,"I-35, EXIT 1",Thackerville,OK,253,2.93233333,2.93233333,33.7936,-97.142,2473,33.79152,-97.13481,,"THACKERSVILLE TRAVEL PLAZA, I-35, EXIT 1, Thackerville, OK",1,OK,done
65463,FLYING J CARDLOCK #825,"HWY 403, EXIT 41",Brantford,ON,430,4.595828235,4.60231851,nan,nan,2474,43.16726,-80.21918,,"FLYING J CARDLOCK #825, HWY 403, EXIT 41, Brantford, ON",1,OK,done
65469,PETRO-CANADA,BURLINGTON & PARKDALE/WINDEMER,Hamilton,ON,430,3.632570676666667,3.65338686,nan,nan,2475,43.25665,-79.78451,,"PETRO-CANADA, BURLINGTON & PARKDALE/WINDEMER, Hamilton, ON",1,OK,done
65476,PETRO-CANADA,"HWY 401, EXIT 186",London,ON,200,3.3973868816666664,3.56099338,nan,nan,2476,42.91865,-81.21681,,"PETRO-CANADA, HWY 401, EXIT 186, London, ON",1,OK,done
65484,FLYING J #865,HWY 1/HWY 401,Pickering,ON,720,4.456476258333333,4.46276974,nan,nan,2477,43.82874,-79.04849,,"FLYING J #865, HWY 1/HWY 401, Pickering, ON",1,OK,done
65490,PILOT TRAVEL CENTER #422,"I-85, EXIT 41 & US-29",Newnan,GA,18,3.699,3.699,33.3767,-84.7761,2478,33.32067,-84.77725,,"PILOT TRAVEL CENTER #422, I-85, EXIT 41 & US-29, Newnan, GA",1,OK,done
65494,FLYING J TRAVEL PLAZA #633,"I-20, EXIT 138",Union Point,GA,135,3.859,3.859,33.6178,-83.0751,2479,33.68802,-83.1189,,"FLYING J TRAVEL PLAZA #633, I-20, EXIT 138, Union Point, GA",1,OK,done
65496,FLYING J #463,HWY 402 EXIT 25,Wyoming,ON,620,4.456476258333333,4.46276974,nan,nan,2480,42.99157,-82.11071,,"FLYING J #463, HWY 402 EXIT 25, Wyoming, ON",1,OK,done
65513,GETGO #3602,"I-76, EXIT 146 & I-99, EXIT 1 & US-220",Bedford,PA,14,4.09233333,4.09233333,nan,nan,2481,39.72293,-78.70667,,"GETGO #3602, I-76, EXIT 146 & I-99, EXIT 1 & US-220, Bedford, PA",1,OK,done
65514,ONVO TRAVEL PLAZA,"I-78, EXIT 13 & SR- 501",Bethel,PA,70,3.34733333,3.34733333,nan,nan,2482,,,"ERROR: 403 Denied: {""message"":""Missing Authentication Token""}",,99,ERROR,not done
65518,KWIK FILL #239,ST 51,Crescent,PA,165,3.799,3.799,nan,nan,2483,40.56368,-80.22772,,"KWIK FILL #239, ST 51, Crescent, PA",1,OK,done
65521,RUTTERS #17,US-15 & SR-234,East Berlin,PA,70,4.294,4.294,39.9368,-76.9793,2484,41.58676,-75.11417,,"RUTTERS #17, US-15 & SR-234, East Berlin, PA",1,OK,done
65522,TURKEY HILL #950324,US-322 & SR-23/SR-897,East Earl,PA,208,3.78566666,3.78566666,nan,nan,2485,40.16014,-76.05319,,"TURKEY HILL #950324, US-322 & SR-23/SR-897, East Earl, PA",1,OK,done
65523,SAC SHOP #512,US-30,Everett,PA,14,4.099,4.099,40.0132,-78.3666,2486,40.00872,-78.3824,,"SAC SHOP #512, US-30, Everett, PA",1,OK,done
65524,SAC SHOP #514,I-76/I-70 & US-30,Everett,PA,14,4.099,4.099,40.0132,-78.3666,2487,40.00079,-78.34655,,"SAC SHOP #514, I-76/I-70 & US-30, Everett, PA",1,OK,done
65525,SHELL,"I-95, EXIT 46A & US-1",Fairless Hills,PA,160,3.899,3.899,40.1783,-74.8524,2488,40.18522,-74.85207,,"SHELL, I-95, EXIT 46A & US-1, Fairless Hills, PA",1,OK,done
65527,SUNOCO SERVICE STATION,"I-81, EXIT 5",Greencastle,PA,70,3.899,3.899,39.7907,-77.7267,2489,39.77651,-77.71746,,"SUNOCO SERVICE STATION, I-81, EXIT 5, Greencastle, PA",1,OK,done
65530,7-ELEVEN #40284,"I-76, EXIT 19/247",Hershey,PA,70,3.96733333,3.96733333,40.2806,-76.6458,2490,,,"ERROR: 403 Denied: {""message"":""Missing Authentication Token""}",,99,ERROR,not done
65532,PILOT TRAVEL CENTERS #1,"I-80,  EXIT 173",Mill Hall,PA,14,4.01566666,4.01566666,41.1045,-77.4888,2491,41.02845,-77.52247,,"PILOT TRAVEL CENTERS #1, I-80,  EXIT 173, Mill Hall, PA",1,OK,done
65533,LIBERTY EXXON,US-15 & SR-414,Liberty,PA,138,3.699,3.699,40.3243,-79.859,2492,40.21541,-78.25531,,"LIBERTY EXXON, US-15 & SR-414, Liberty, PA",1,OK,done
65533,LIBERTY EXXON,US-15 & SR-414,Liberty,PA,138,3.699,3.699,41.5585,-77.1054,2493,40.21541,-78.25531,,"LIBERTY EXXON, US-15 & SR-414, Liberty, PA",1,OK,done
65537,SHEETZ #048,US-22,Nanty Glo,PA,14,3.51733333,3.51733333,nan,nan,2494,40.45024,-78.8379,,"SHEETZ #048, US-22, Nanty Glo, PA",1,OK,done
65538,WELMART,"SR-28, EXIT 16",Natrona Heights,PA,165,4.19233333,4.19233333,40.6234,-79.7298,2495,40.66426,-79.71758,,"WELMART, SR-28, EXIT 16, Natrona Heights, PA",1,OK,done
65549,T&C MINI MART,SR-33 & SR-191,Stockertown,PA,90,3.699,3.699,40.7547,-75.2627,2496,40.75729,-75.26811,,"T&C MINI MART, SR-33 & SR-191, Stockertown, PA",1,OK,done
65552,A PLUS MINI MARKET,US-1 & SR-132,Feasterville Trevose,PA,160,3.899,3.899,nan,nan,2497,40.15049,-75.0024,,"A PLUS MINI MARKET, US-1 & SR-132, Feasterville Trevose, PA",1,OK,done
65556,RUTTERS #60,US-30 & SR-116,York,PA,70,4.249,4.249,39.9651,-76.7315,2498,39.87505,-76.86588,,"RUTTERS #60, US-30 & SR-116, York, PA",1,OK,done
65572,CIRCLE K #2705377,"I-20, EXIT 22 & US-1",Aiken,SC,135,3.129,3.129,33.5303,-81.7271,2499,,,"ERROR: 403 Denied: {""message"":""Missing Authentication Token""}",,99,ERROR,not done
65573,SPEEDWAY/7fleet #4587,US-501,Aynor,SC,205,3.124,3.124,34.0002,-79.2071,2500,33.99034,-79.19944,,"SPEEDWAY/7fleet #4587, US-501, Aynor, SC",1,OK,done
65578,CIRCLE K #2723355,US-52,North Charleston,SC,42,3.399,3.399,32.9067,-80.0722,2501,32.91755,-80.1142,,"CIRCLE K #2723355, US-52, North Charleston, SC",1,OK,done
65587,HOT SPOT #2022,US-25/US-76,Honea Path,SC,30,2.909,2.909,34.4476,-82.395,2502,34.44704,-82.39361,,"HOT SPOT #2022, US-25/US-76, Honea Path, SC",1,OK,done
65588,SPEEDWAY #2836,US-17,Johns Island,SC,42,3.069,3.069,nan,nan,2503,32.80326,-80.11045,,"SPEEDWAY #2836, US-17, Johns Island, SC",1,OK,done
65593,CIRCLE K #2723441,"I-82, EXIT 73 & SR-773",Prosperity,SC,210,3.11566666,3.11566666,34.2121,-81.5329,2504,34.21577,-81.48197,,"CIRCLE K #2723441, I-82, EXIT 73 & SR-773, Prosperity, SC",1,OK,done
65594,PILOT #4567,I-77 EXIT 77,Rock Hill,SC,46,3.149,3.149,34.9415,-81.0241,2505,34.91352,-80.98222,,"PILOT #4567, I-77 EXIT 77, Rock Hill, SC",1,OK,done
65598,LEES QUICK STOP,US-52 & SR-45,Saint Stephen,SC,42,3.41566666,3.41566666,nan,nan,2506,33.39738,-79.92604,,"LEES QUICK STOP, US-52 & SR-45, Saint Stephen, SC",1,OK,done
65603,JET TRUCK PLAZA,"I-29, EXIT 47",Beresford,SD,530,3.159,3.159,43.0797,-96.7803,2507,42.97236,-96.79514,,"JET TRUCK PLAZA, I-29, EXIT 47, Beresford, SD",1,OK,done
65604,SHELL,"I-29, EXIT 132",Huron,SD,455,3.359,3.359,44.3623,-98.2094,2508,,,"ERROR: 403 Denied: {""message"":""Missing Authentication Token""}",,99,ERROR,not done
65608,ZIP TRIP #81,"I-29, EXIT 62 & US-18",Lennox,SD,530,3.204,3.204,43.3495,-96.8937,2509,43.39418,-96.7965,,"ZIP TRIP #81, I-29, EXIT 62 & US-18, Lennox, SD",1,OK,done
65614,281 TRAVEL CENTER,US-281,Wolsey,SD,571,3.089,3.089,44.4105,-98.4738,2510,44.40933,-98.47518,,"281 TRAVEL CENTER, US-281, Wolsey, SD",1,OK,done
65622,QUICK STOP #34,US-11/SR-1,Bristol,TN,405,3.299,3.299,36.5572,-82.2154,2511,36.59298,-82.24219,,"QUICK STOP #34, US-11/SR-1, Bristol, TN",1,OK,done
65624,Sudden Service #61,SR-149 & SR-46,Cumberland City,TN,460,3.564,3.564,36.3828,-87.6403,2512,36.39317,-87.63299,,"Sudden Service #61, SR-149 & SR-46, Cumberland City, TN",1,OK,done
65625,Chevron,US-64,Fayetteville,TN,460,3.754,3.754,35.149,-86.5634,2513,35.14895,-86.55933,,"Chevron, US-64, Fayetteville, TN",1,OK,done
65629,CASEYS GOODSTOP #4036,"I-40, EXIT 355",Kingston,TN,405,3.164,3.164,35.8713,-84.4959,2514,35.87289,-84.46688,,"CASEYS GOODSTOP #4036, I-40, EXIT 355, Kingston, TN",1,OK,done
65639,SPEEDWAY #7138,"I-24, EXIT 70 & SR-102",Smyrna,TN,460,3.049,3.049,35.9687,-86.5264,2515,35.93573,-86.52986,,"SPEEDWAY #7138, I-24, EXIT 70 & SR-102, Smyrna, TN",1,OK,done
65641,ALLSUPS CONVENIENCE STORE #2331,I-20 & FM 600,Abilene,TX,575,2.87566666,2.87566666,32.4543,-99.7384,2516,32.44426,-99.77081,,"ALLSUPS CONVENIENCE STORE #2331, I-20 & FM 600, Abilene, TX",1,OK,done
65652,CIRCLE K #2706343,"I-20, EXIT 428",Fort Worth,TX,630,2.969,2.969,32.7817,-97.3474,2517,32.75095,-97.33086,,"CIRCLE K #2706343, I-20, EXIT 428, Fort Worth, TX",1,OK,done
65659,ALLSUPS CONVENIENCE STORE #2169,US-287,Chillicothe,TX,770,2.89566666,2.89566666,34.256,-99.5144,2518,34.25633,-99.50986,,"ALLSUPS CONVENIENCE STORE #2169, US-287, Chillicothe, TX",1,OK,done
65666,FUEL CITY #2,"I-30, EXIT 45B/I-35E",Dallas,TX,630,2.96566666,2.96566666,32.7935,-96.7667,2519,32.75897,-96.99735,,"FUEL CITY #2, I-30, EXIT 45B/I-35E, Dallas, TX",1,OK,done
65667,ALLSUPS CONVENIENCE STORE #2103,US-287/US-81,Decatur,TX,630,2.899,2.899,33.2263,-97.5875,2520,31.66778,-102.70652,,"ALLSUPS CONVENIENCE STORE #2103, US-287/US-81, Decatur, TX",1,OK,done
65671,SUPER STOP #22,SR-87 & SR-12,Orange,TX,610,3.439,3.439,30.1226,-93.7607,2521,,,"ERROR: 403 Denied: {""message"":""Missing Authentication Token""}",,99,ERROR,not done
65673,PILOT #894,US-57 & US-277,Eagle Pass,TX,693,3.899,3.899,28.7125,-100.484,2522,28.70608,-100.50361,,"PILOT #894, US-57 & US-277, Eagle Pass, TX",1,OK,done
65674,VALLEY MART #09,US-277,Eagle Pass,TX,740,3.199,3.199,28.7125,-100.484,2523,28.6541,-100.42416,,"VALLEY MART #09, US-277, Eagle Pass, TX",1,OK,done
65678,ONE9 #1300,US-287 & SR-34,Ennis,TX,630,2.869,2.869,32.3254,-96.6347,2524,32.3277,-96.62364,,"ONE9 #1300, US-287 & SR-34, Ennis, TX",1,OK,done
65683,ALLSUPS CONVENIENCE STORE #2225,US-60,Friona,TX,585,2.999,2.999,34.6394,-102.723,2525,,,"ERROR: 403 Denied: {""message"":""Missing Authentication Token""}",,99,ERROR,not done
65686,CEFCO #2004,"I-35 , EXIT 499",Vernon,TX,770,2.86066666,2.86066666,34.1479,-99.3,2526,33.65333,-97.15563,,"CEFCO #2004, I-35 , EXIT 499, Vernon, TX",1,OK,done
65690,CIRCLE G TRUCK STOP,US-183 & SR-97,Gonzales,TX,595,2.799,2.799,29.5126,-97.4472,2527,29.49479,-97.45026,,"CIRCLE G TRUCK STOP, US-183 & SR-97, Gonzales, TX",1,OK,done
65691,CIRCLE K #2704037,US-90/SR-97 & US-183,Gonzales,TX,595,2.904,2.904,29.5126,-97.4472,2528,,,"ERROR: 403 Denied: {""message"":""Missing Authentication Token""}",,99,ERROR,not done
65721,Paradise RV & Truck Park,US-287/US-81,Alvord,TX,770,2.81566666,2.81566666,33.3569,-97.696,2529,33.15208,-97.68787,,"Paradise RV & Truck Park, US-287/US-81, Alvord, TX",1,OK,done
65724,STRIPES 7FLEET #42427,US-385 & SR-191,Odessa,TX,710,3.289,3.289,31.8801,-102.3448,2530,31.88137,-102.38879,,"STRIPES 7FLEET #42427, US-385 & SR-191, Odessa, TX",1,OK,done
65728,RIVER MART,US-281/SR-241,Pharr,TX,639,3.349,3.349,26.1685,-98.1904,2531,26.19294,-98.18416,,"RIVER MART, US-281/SR-241, Pharr, TX",1,OK,done
65738,CIRCLE K #2741499,SR-35 & FM-1069,Rockport,TX,625,2.80566666,2.80566666,28.029,-97.0722,2532,27.9947,-97.10532,,"CIRCLE K #2741499, SR-35 & FM-1069, Rockport, TX",1,OK,done
65755,CIRCLE K #2723373,US-11 & SR-622,Atkins,VA,185,3.349,3.349,36.8659,-81.4045,2533,36.86452,-81.43477,,"CIRCLE K #2723373, US-11 & SR-622, Atkins, VA",1,OK,done
65759,XPRESS STOP,US-522 & SR-694,Cross Junction,VA,60,3.33233333,3.33233333,nan,nan,2534,39.3824,-78.29896,,"XPRESS STOP, US-522 & SR-694, Cross Junction, VA",1,OK,done
65761,NEW DIXIE MART #15,US-58 & SR-671,Franklin,VA,180,3.099,3.099,36.6831,-76.9386,2535,36.97744,-79.84051,,"NEW DIXIE MART #15, US-58 & SR-671, Franklin, VA",1,OK,done
65762,7-ELEVEN #34516,"I-66, EXIT 6",Front Royal,VA,60,3.52566666,3.52566666,38.926,-78.1838,2536,38.93225,-78.1946,,"7-ELEVEN #34516, I-66, EXIT 6, Front Royal, VA",1,OK,done
65764,LEESBURG CITGO,US-15,Leesburg,VA,60,3.499,3.499,39.1057,-77.5544,2537,39.20465,-77.53709,,"LEESBURG CITGO, US-15, Leesburg, VA",1,OK,done
65765,FOSTERS CONVENIENCE STORE,US-29 & SR-685,Rustburg,VA,185,3.599,3.599,37.2712,-79.0962,2538,37.4428,-76.36752,,"FOSTERS CONVENIENCE STORE, US-29, Rustburg, VA",2,OK,done
65767,STATELINE FOOD MART #69,US-23,Pound,VA,44,3.599,3.599,37.126,-82.6071,2539,37.11405,-82.61246,,"US-23, Pound, VA",4,OK,done
65770,JOLLEY #136,"I-89, EXIT 21",Alburgh,VT,39,3.539,3.539,nan,nan,2540,44.96511,-73.24428,,"JOLLEY #136, I-89, EXIT 21, Alburgh, VT",1,OK,done
65771,CITGO,"I-91, EXIT 3 & US-5",Brattleboro,VT,12,3.67233333,3.67233333,nan,nan,2541,42.85221,-72.55776,,"CITGO, I-91, EXIT 3 & US-5, Brattleboro, VT",1,OK,done
65789,BEAR CREEK CITGO,US-45 & SR-76/SR-22,Bear Creek,WI,360,3.439,3.439,44.5313,-88.7275,2542,44.53067,-88.74627,,"BEAR CREEK CITGO, US-45 & SR-76/SR-22, Bear Creek, WI",1,OK,done
65791,EDGAR TRAVEL CENTER,SR-29 & CR-H,Edgar,WI,395,3.559,3.559,44.9229,-89.9626,2543,44.92355,-89.96418,,"EDGAR TRAVEL CENTER, SR-29 & CR-H, Edgar, WI",1,OK,done
65793,KWIK TRIP #921,SR-13 & SR-21,Friendship,WI,420,3.274,3.274,43.972,-89.8203,2544,44.02493,-89.76212,,"KWIK TRIP #921, SR-13 & SR-21, Friendship, WI",1,OK,done
65794,BP,"I-43, EXIT 180",Green Bay,WI,360,3.349,3.349,44.5148,-87.9895,2545,44.44966,-87.95458,,"BP, I-43, EXIT 180, Green Bay, WI",1,OK,done
65796,ADDISON STATION,"I-41/US-41, EXIT 68 & CR-K",Hartford,WI,444,3.149,3.149,43.3223,-88.3784,2546,43.31783,-88.37755,,"ADDISON STATION, I-41/US-41, EXIT 68 & CR-K, Hartford, WI",1,OK,done
65800,BP,US-45,Kewaskum,WI,444,3.219,3.219,43.5177,-88.2306,2547,43.51749,-88.22632,,"BP, US-45, Kewaskum, WI",1,OK,done
65804,KWIK TRIP #628,US-45,Larsen,WI,582,3.43233333,3.43233333,nan,nan,2548,44.19927,-88.68059,,"KWIK TRIP #628, US-45, Larsen, WI",1,OK,done
65805,HI WAY HOP BP,"I-42/US-41, EXIT 85 & SR-67",Lomira,WI,444,3.099,3.099,43.5946,-88.4421,2549,43.58698,-88.40141,,"HI WAY HOP BP, I-42/US-41, EXIT 85 & SR-67, Lomira, WI",1,OK,done
65806,SHELL,US-41 & SR-67,Lomira,WI,444,3.389,3.389,43.5946,-88.4421,2550,43.58703,-88.42855,,"SHELL, US-41 & SR-67, Lomira, WI",1,OK,done
65809,KWIK TRIP #399,SR-21 & SR-80,Necedah,WI,395,3.249,3.249,44.0233,-90.0717,2551,44.0272,-90.06664,,"KWIK TRIP #399, SR-21 & SR-80, Necedah, WI",1,OK,done
65810,HIGHWAY HARRY'S,I-90/I-94 EXIT 61 & SR-80,New Lisbon,WI,420,3.17233333,3.17233333,43.8781,-90.1624,2552,43.88573,-90.14663,,"HIGHWAY HARRY'S, I-90/I-94 EXIT 61 & SR-80, New Lisbon, WI",1,OK,done
65812,PLAINFIELD PLAZA,SR-73 & I-39,Plainfield,WI,395,3.29066666,3.29066666,44.2175,-89.4969,2553,44.21359,-89.49239,,"PLAINFIELD PLAZA, SR-73 & I-39, Plainfield, WI",1,OK,done
65813,KWIK TRIP #683,"I-39, EXIT 92 & US-51",Portage,WI,420,3.249,3.249,43.5489,-89.4658,2554,43.5735,-89.47477,,"KWIK TRIP #683, I-39, EXIT 92 & US-51, Portage, WI",1,OK,done
65814,Kracheys BP Truck Stop,US-18 & SR-35,Prairie Du Chien,WI,420,3.574,3.574,nan,nan,2555,43.02186,-91.118,,"Kracheys BP Truck Stop, US-18 & SR-35, Prairie Du Chien, WI",1,OK,done
65817,TREGO TRAVEL CENTER,US-53 & CR-E,Trego,WI,545,3.58233333,3.58233333,45.9048,-91.8287,2556,45.89933,-91.85835,,"TREGO TRAVEL CENTER, US-53 & CR-E, Trego, WI",1,OK,done
65818,KWIK TRIP #1048,"I-90, EXIT 12",West Salem,WI,515,3.31733333,3.31733333,43.8989,-91.0882,2557,43.89839,-91.09994,,"KWIK TRIP #1048, I-90, EXIT 12, West Salem, WI",1,OK,done
65820,KWIK TRIP #673,"I-90 & SR-19, EXIT 131",Windsor,WI,420,3.254,3.254,nan,nan,2558,43.19529,-89.35563,,"KWIK TRIP #673, I-90 & SR-19, EXIT 131, Windsor, WI",1,OK,done
65822,RSTORE #4499,US-45 & SR-29,Wittenberg,WI,395,3.15566666,3.15566666,44.827,-89.1664,2559,44.82277,-89.14387,,"RSTORE #4499, US-45 & SR-29, Wittenberg, WI",1,OK,done
65824,CHANEYS SERVICE STATION,US-30 & SR-2,Chester,WV,165,3.799,3.799,40.6129,-80.5628,2560,40.61206,-80.56436,,"CHANEYS SERVICE STATION, US-30, Chester, WV",2,OK,done
65828,PAR MAR FOOD STORE #52,US-50 & CR-50/16,West Union,WV,430,4.099,4.099,39.2963,-80.7751,2561,39.28576,-80.73348,,"PAR MAR FOOD STORE #52, US-50 & CR-50/16, West Union, WV",1,OK,done
65831,Hat Six Travel Center,"I-25/US-87, EXIT 182 & SR-253/SR-256",Evansville,WY,790,3.999,3.999,42.868,-106.2524,2562,42.84721,-106.21461,,"Hat Six Travel Center, I-25/US-87, EXIT 182 & SR-253/SR-256, Evansville, WY",1,OK,done
65835,SOUTHSIDE TRAVEL CENTER,US-20/SR-789,Thermopolis,WY,790,3.799,3.799,43.6479,-108.2139,2563,43.66138,-108.19839,,"SOUTHSIDE TRAVEL CENTER, US-20/SR-789, Thermopolis, WY",1,OK,done
65836,PILOT TRAVEL CENTERS #434,"I-35W, EXIT 65",Fort Worth,TX,630,3.264,3.264,32.7817,-97.3474,2564,32.84185,-97.34223,,"PILOT TRAVEL CENTERS #434, I-35W, EXIT 65, Fort Worth, TX",1,OK,done
65837,PILOT TRAVEL CENTERS #455,"I-71, EXIT 140",Marengo,OH,315,3.719,3.719,40.4008,-82.811,2565,40.36977,-82.83051,,"PILOT TRAVEL CENTERS #455, I-71, EXIT 140, Marengo, OH",1,OK,done
65842,AM PM TRAVEL CENTER,US-1/SR-4,Blythe,GA,135,3.599,3.599,33.3011,-82.2025,2566,33.30616,-82.20824,,"US-1/SR-4, Blythe, GA",4,OK,done
65847,ROAD RANGER #132,"I-57, EXIT 240",Champaign,IL,280,3.479,3.549,40.1142,-88.2737,2567,39.91447,-88.43994,,"ROAD RANGER #132, I-57, EXIT 240, Champaign, IL",1,OK,done
65848,Mobil,I-475,Flint,MI,342,3.199,3.199,43.0236,-83.6921,2568,42.94426,-83.72657,,"Mobil, Flint, MI",3,OK,done
65849,PS FOOD MART #1034,"I-94, EXIT 110 & US-27",Marshall,MI,431,3.484,3.549,42.2618,-84.9598,2569,42.29193,-84.96369,,"PS FOOD MART #1034, I-94, EXIT 110 & US-27, Marshall, MI",1,OK,done
65857,PILOT TRAVEL CENTERS #199,"I-20, EXIT 33",Haughton,LA,745,3.14566666,3.14566666,32.5277,-93.5041,2570,32.54517,-93.51595,,"PILOT TRAVEL CENTERS #199, Haughton, LA",3,OK,done
65858,SPEEDWAY #6661,"I-94, EXIT 40  & US-20 & US-35",La Porte,IN,465,3.599,3.599,41.6069,-86.7142,2571,41.61377,-86.72875,,"SPEEDWAY #6661, I-94, EXIT 40  & US-20 & US-35, La Porte, IN",1,OK,done
65859,SPEEDWAY #6662,US-20 & SR-15,Bristol,IN,465,3.549,3.549,41.7184,-85.8228,2572,41.66764,-85.82233,,"SPEEDWAY #6662, US-20 & SR-15, Bristol, IN",1,OK,done
65860,LOVES TRAVEL STOPS #283,"E I-30 & FM 549, EXIT 70",Rockwall,TX,630,3.079,3.109,32.9169,-96.4374,2573,32.89548,-96.47179,,"LOVES TRAVEL STOPS #283, E I-30 & FM 549, EXIT 70, Rockwall, TX",1,OK,done
65862,PILOT TRAVEL CENTERS #396,"I-81, EXIT 213",Staunton,VA,185,3.659,3.659,38.1593,-79.0611,2574,38.01955,-79.14219,,"PILOT TRAVEL CENTERS #396, I-81, EXIT 213, Staunton, VA",1,OK,done
65863,VALERO,SR-31,Clinton,NJ,115,3.359,3.359,nan,nan,2575,40.99139,-74.04206,,"VALERO, SR-31, Clinton, NJ",1,OK,done
65866,FLYING J TRAVEL PLAZA #710,"I-81, EXIT 219",New Milford,PA,200,4.17566666,4.17566666,nan,nan,2576,41.82431,-75.68239,,"FLYING J TRAVEL PLAZA #710, I-81, EXIT 219, New Milford, PA",1,OK,done
65868,7-ELEVEN #36073,"I-77, EXIT 54 & US-21",Statesville,NC,46,2.879,2.879,35.7842,-80.8713,2577,35.8152,-80.8762,,"7-ELEVEN #36073, I-77, EXIT 54 & US-21, Statesville, NC",1,OK,done
65873,PILOT TRAVEL CENTER #4619,"I-81 & I-77, EXIT 77",Wytheville,VA,185,3.55066666,3.55066666,36.953,-81.0881,2578,36.93877,-80.99269,,"PILOT TRAVEL CENTER #4619, I-81 & I-77, EXIT 77, Wytheville, VA",1,OK,done
65880,MR FUEL DBA ONE9 #1245,"I-55, EXIT 52 & SR-16",Litchfield,IL,574,3.247,3.299,39.1954,-89.63,2579,39.23494,-89.69996,,"MR FUEL DBA ONE9 #1245, I-55, EXIT 52 & SR-16, Litchfield, IL",1,OK,done
65883,FLYING J TRAVEL PLAZA #647,"I-64, EXIT 25 & US-41",Haubstadt,IN,340,3.959,3.959,38.2039,-87.5751,2580,38.17523,-87.55189,,"FLYING J TRAVEL PLAZA #647, I-64, EXIT 25 & US-41, Haubstadt, IN",1,OK,done
65885,LOVES TRAVEL STOP #299,"US-75, EXIT 48 & SR-455",Anna,TX,630,3.19733333,3.19733333,33.3472,-96.5508,2581,33.34499,-96.58455,,"LOVES TRAVEL STOP #299, US-75, EXIT 48 & SR-455, Anna, TX",1,OK,done
65897,PETRO-CANADA,61ST AVE SE & 52ND ST SE,Calgary,AB,50,3.848471415,3.84875514,nan,nan,2582,50.99899,-113.95866,,"PETRO-CANADA, 61ST AVE SE & 52ND ST SE, Calgary, AB",1,OK,done
65901,PETRO-CANADA,"TCH-16, EXIT 383",Edmonton,AB,80,3.866613393333333,3.98771589,nan,nan,2583,53.54624,-113.49037,,"PETRO-CANADA, TCH-16, EXIT 383, Edmonton, AB",1,OK,done
65909,7-Eleven/7FLEET #40496,"I-81, EXIT 47 & SR-12",Watertown,NY,220,4.149,4.149,43.9734,-75.9094,2584,43.99933,-75.91763,,"7-Eleven/7FLEET #40496, I-81, EXIT 47 & SR-12, Watertown, NY",1,OK,done
65912,ATOKA FUEL,US-75/US-69/SR-3,Atoka,OK,569,3.179,3.179,34.386,-96.1317,2585,34.38655,-96.12831,,"ATOKA FUEL, US-75/US-69/SR-3, Atoka, OK",1,OK,done
65914,CASEYS #2732,US-30 & US-284/SR-2,Grand Island,NE,330,3.149,3.149,40.9218,-98.3586,2586,40.93461,-98.31108,,"CASEYS #2732, US-30 & US-284/SR-2, Grand Island, NE",1,OK,done
65915,Marathon,"I-94/US-52, EXIT 346 & CR-17",West Fargo,ND,341,3.029,3.029,46.8573,-96.9057,2587,46.87301,-96.90422,,"Marathon, I-94/US-52, EXIT 346 & CR-17, West Fargo, ND",1,OK,done
65917,CUMBERLAND CORNER MART,SR-90 & US-127,Albany,KY,410,3.574,3.574,36.6906,-85.1353,2588,36.70119,-85.15469,,"CUMBERLAND CORNER MART, SR-90 & US-127, Albany, KY",1,OK,done
65919,QUICK FUEL #5001,US-78/SR-4,Memphis,TN,435,3.02566666,3.02566666,35.1087,-89.9663,2589,35.03543,-89.91189,,"QUICK FUEL #5001, US-78/SR-4, Memphis, TN",1,OK,done
65921,PETRO-CANADA,"TCH-2, EXIT 450 & HWY 126",Moncton,NB,600,4.06803442,4.48307714,nan,nan,2590,46.13322,-64.88699,,"PETRO-CANADA, TCH-2, EXIT 450 & HWY 126, Moncton, NB",1,OK,done
65935,MAIN ST JUNCTION,SR-14 & SR-15,Louisville,MS,705,3.099,3.099,33.1224,-89.0553,2591,33.12364,-89.05345,,"MAIN ST JUNCTION, SR-14 & SR-15, Louisville, MS",1,OK,done
65939,PETRO-CANADA,"TCH-1, EXIT 366",Kamloops,BC,800,4.451867076666667,4.51858925,nan,nan,2592,50.67506,-120.33919,,"PETRO-CANADA, TCH-1, EXIT 366, Kamloops, BC",1,OK,done
65962,CIRCLE K #2705937,US-301/SR-35 & SR-50,Dade City,FL,225,3.33233333,3.33233333,28.3565,-82.1942,2593,28.33582,-82.18741,,"CIRCLE K #2705937, US-301/SR-35 & SR-50, Dade City, FL",1,OK,done
65969,PILOT  #1105,SR-29 & SR-182,Bunkie,LA,730,3.21233333,3.21233333,30.954,-92.1884,2594,30.95372,-92.18339,,"PILOT  #1105, SR-29 & SR-182, Bunkie, LA",1,OK,done
65974,BEACON & BRIDGE #13,"US-127, EXIT 117",Ithaca,MI,342,3.649,3.649,43.2911,-84.5956,2595,43.29206,-84.60544,,"BEACON & BRIDGE #13, Ithaca, MI",3,OK,done
65978,KWIK TRIP #623,US-61,Minnesota City,MN,515,3.399,3.399,44.0923,-91.75,2596,44.07748,-91.73163,,"KWIK TRIP #623, US-61, Minnesota City, MN",1,OK,done
65983,SPEEDWAY #6967,"US-17, EXIT 227 & SR-32",Edenton,NC,130,3.287,3.287,36.0579,-76.6008,2597,36.06965,-76.60568,,"SPEEDWAY #6967, US-17, EXIT 227 & SR-32, Edenton, NC",1,OK,done
65989,DANCING EAGLE,"I-40, EXIT 108",Casa Blanca,NM,580,3.359,3.359,nan,nan,2598,35.03464,-107.47696,,"DANCING EAGLE, I-40, EXIT 108, Casa Blanca, NM",1,OK,done
66014,BIG D TRAVEL CENTER,SR-12 & SR-183,Irving,TX,630,2.95566666,2.95566666,32.8583,-96.9702,2599,32.81677,-96.92016,,"BIG D TRAVEL CENTER, SR-12 & SR-183, Irving, TX",1,OK,done
66015,LOVES TRAVEL STOP #298,"I-35, EXIT 39 & SR-44",Encinal,TX,693,3.589,3.589,28.041,-99.3546,2600,28.04552,-99.34883,,"LOVES TRAVEL STOP #298, I-35, EXIT 39 & SR-44, Encinal, TX",1,OK,done
66016,FLYING J TRAVEL PLAZA #660,"I-64, EXIT 185 & SR-180",Catlettsburg,KY,255,3.76566666,3.76566666,38.419,-82.6025,2601,38.36475,-82.69738,,"FLYING J TRAVEL PLAZA #660, I-64, EXIT 185 & SR-180, Catlettsburg, KY",1,OK,done
66017,FLYING J TRAVEL PLAZA #626,"I-95/SR-9, EXIT 305 & SR-206",Saint Augustine,FL,75,3.449,3.449,nan,nan,2602,29.74998,-81.34448,,"FLYING J TRAVEL PLAZA #626, I-95/SR-9, EXIT 305 & SR-206, Saint Augustine, FL",1,OK,done
66020,LOVES TRAVEL STOP #221,I-70 EXIT 160,Zanesville,OH,315,3.48233333,3.48233333,39.9565,-82.0132,2603,39.96829,-81.90317,,"LOVES TRAVEL STOP #221, I-70 EXIT 160, Zanesville, OH",1,OK,done
66021,LOVES TRAVEL STOP #238,"I-65, EXIT 116 & SR-480",Shepherdsville,KY,415,3.599,3.599,37.9813,-85.7007,2604,37.97136,-85.70999,,"LOVES TRAVEL STOP #238, I-65, EXIT 116 & SR-480, Shepherdsville, KY",1,OK,done
66022,PILOT TRAVEL CENTERS #459,"I-10, EXIT 133",Avondale,AZ,930,3.593,3.599,33.3873,-112.3235,2605,33.45642,-112.27363,,"PILOT TRAVEL CENTERS #459, I-10, EXIT 133, Avondale, AZ",1,OK,done
66023,SAPP BROS TRAVEL CENTER,"I-29, EXIT 10 & SR-2",Percival,IA,486,3.789,3.789,40.7513,-95.8133,2606,40.68967,-95.78835,,"SAPP BROS TRAVEL CENTER, I-29, EXIT 10 & SR-2, Percival, IA",1,OK,done
66024,LOVES TRAVEL STOPS #239,"I-81/US-11, EXIT 84 & SR-619",Max Meadows,VA,185,3.567,3.589,36.9798,-80.9678,2607,36.95089,-80.8763,,"LOVES TRAVEL STOPS #239, I-81/US-11, EXIT 84 & SR-619, Max Meadows, VA",1,OK,done
66025,SPACE AGE TRAVEL CENTER,"I-84, EXIT 183 & SR-207",Hermiston,OR,935,3.33233333,3.33233333,45.8326,-119.2854,2608,45.84945,-119.29282,,"SPACE AGE TRAVEL CENTER, I-84, EXIT 183 & SR-207, Hermiston, OR",1,OK,done
66026,FLYING J TRAVEL PLAZA #643,"I-70 & I-57, EXIT 160",Effingham,IL,510,3.3823333333333334,3.499,39.1205,-88.5509,2609,39.13408,-88.56593,,"FLYING J TRAVEL PLAZA #643, I-70 & I-57, EXIT 160, Effingham, IL",1,OK,done
66029,Roady's Lucky Deuces,"I-10, EXIT 92 & SR-95",Duson,LA,600,3.03566666,3.03566666,30.2365,-92.193,2610,30.24548,-92.1946,,"Roady's Lucky Deuces, I-10, EXIT 92 & SR-95, Duson, LA",1,OK,done
66030,Colfax Travel Center,"I-80, EXIT 159 & SR-117",Colfax,IA,320,3.149,3.149,41.6802,-93.2385,2611,41.67572,-93.24538,,"Colfax Travel Center, I-80, EXIT 159 & SR-117, Colfax, IA",1,OK,done
66031,WILCO FAST BREAK,US-61/US-24,Palmyra,MO,494,3.119,3.119,39.7978,-91.5265,2612,39.78786,-91.51586,,"WILCO FAST BREAK, US-61/US-24, Palmyra, MO",1,OK,done
66034,FAS MART #5134,"I-72, EXIT 144 S",Decatur,IL,280,3.479,3.499,39.8557,-88.9342,2613,39.88894,-88.95653,,"FAS MART #5134, I-72, EXIT 144 S, Decatur, IL",1,OK,done
66035,ROAD RANGER #136,"I-90, EXIT 147",Cottage Grove,WI,420,3.544,3.544,43.0922,-89.2054,2614,42.99852,-89.19966,,"ROAD RANGER #136, I-90, EXIT 147, Cottage Grove, WI",1,OK,done
66036,FLYING J TRAVEL PLAZA #602,"I-65, EXIT 264",Birmingham,AL,615,3.559,3.559,33.5279,-86.7971,2615,33.48727,-86.82498,,"FLYING J TRAVEL PLAZA #602, I-65, EXIT 264, Birmingham, AL",1,OK,done
66037,TA PRESCOTT TRAVEL CENTER,"I-30, EXIT 44",Prescott,AR,635,3.50233333,3.50233333,33.8056,-93.3909,2616,,,"ERROR: 403 Denied: {""message"":""Missing Authentication Token""}",,99,ERROR,not done
66038,FLYING J TRAVEL PLAZA #1043,"I-15, EXIT 113",Idaho Falls,ID,825,3.749,3.799,43.4871,-112.0362,2617,43.43656,-112.12391,,"FLYING J TRAVEL PLAZA #1043, I-15, EXIT 113, Idaho Falls, ID",1,OK,done
66039,LOVES TRAVEL STOP #237,"I-20, EXIT 171 & US-65",Tallulah,LA,760,3.259,3.259,32.4068,-91.1916,2618,32.38789,-91.19815,,"LOVES TRAVEL STOP #237, I-20, EXIT 171 & US-65, Tallulah, LA",1,OK,done
66040,LOVES TRAVEL STOP #272,"I-40 & DW (RANCH RD), EXIT 59",Kingman,AZ,910,3.85566666,3.85566666,35.217,-114.0105,2619,35.19918,-113.90414,,"LOVES TRAVEL STOP #272, I-40 & DW (RANCH RD), EXIT 59, Kingman, AZ",1,OK,done
66041,PILOT TRAVEL CENTERS #195,"I-84, EXIT 104 & US-97",Wasco,OR,935,3.86566666,3.86566666,45.5917,-120.6974,2620,45.66934,-120.83479,,"PILOT TRAVEL CENTERS #195, I-84, EXIT 104 & US-97, Wasco, OR",1,OK,done
66042,FLYING J TRAVEL PLAZA #707,"I-80, EXIT 78",Brookville,PA,14,4.034,4.034,41.1615,-79.0827,2621,41.17292,-79.09629,,"FLYING J TRAVEL PLAZA #707, I-80, EXIT 78, Brookville, PA",1,OK,done
66043,LOVES TRAVEL STOP #216,US-67 & US-287,Midlothian,TX,630,3.215,3.231,32.4669,-96.989,2622,32.4826,-97.01109,,"LOVES TRAVEL STOP #216, US-67 & US-287, Midlothian, TX",1,OK,done
66044,TA TAMPA TRAVEL CENTER,"I-4, EXIT 10",Seffner,FL,225,3.39566666,3.39566666,27.9981,-82.2735,2623,28.01012,-82.30003,,"TA TAMPA TRAVEL CENTER, I-4, EXIT 10, Seffner, FL",1,OK,done
66045,FLYING J TRAVEL PLAZA #698,"I-71, EXIT 69",Jeffersonville,OH,315,3.399,3.399,39.6522,-83.555,2624,39.64759,-83.54387,,"FLYING J TRAVEL PLAZA #698, I-71, EXIT 69, Jeffersonville, OH",1,OK,done
66046,PETRO STOPPING CENTER #345,I-69 EXIT357,Fremont,IN,550,3.899,3.899,41.728,-84.9396,2625,41.74823,-84.99325,,"PETRO STOPPING CENTER #345, I-69 EXIT357, Fremont, IN",1,OK,done
66050,PILOT TRAVEL CENTERS #130,"I-77, EXIT 145",Richfield,OH,305,3.799,3.799,41.2354,-81.6421,2626,41.2769,-81.62309,,"PILOT TRAVEL CENTERS #130, I-77, EXIT 145, Richfield, OH",1,OK,done
66051,Caseys #4419,I-165 EXIT 5,Bowling Green,KY,460,3.02566666,3.02566666,36.9716,-86.4378,2627,36.95245,-86.49581,,"Caseys #4419, I-165 EXIT 5, Bowling Green, KY",1,OK,done
66054,LOVES TRAVEL STOP #220,"I-25/US-87, EXIT 7 & SR-212",Cheyenne,WY,795,3.709,3.709,41.135,-104.7902,2628,41.09817,-104.8486,,"LOVES TRAVEL STOP #220, I-25/US-87, EXIT 7 & SR-212, Cheyenne, WY",1,OK,done
66055,WINDMILL BP,"US-20, EXIT 208 & SR-14",Holland,IA,320,3.599,3.599,42.4001,-92.7988,2629,42.46267,-92.77684,,"US-20 EXIT 208, Holland, IA",4,OK,done
66056,PILOT TRAVEL CENTERS #114,"I-40, EXIT 320",Crossville,TN,405,3.24566666,3.24566666,35.9526,-85.0295,2630,35.91953,-85.11627,,"PILOT TRAVEL CENTERS #114, I-40, EXIT 320, Crossville, TN",1,OK,done
66057,ROAD RANGER #205,"I-90, EXIT 1",South Beloit,IL,290,3.469,3.469,42.4825,-89.026,2631,42.49099,-88.99936,,"ROAD RANGER #205, I-90, EXIT 1, South Beloit, IL",1,OK,done
66059,TIME OUT TRAVEL CENTER,"I-40, EXIT 432-B",Newport,TN,405,2.96566666,2.96566666,35.9617,-83.1976,2632,,,"ERROR: 403 Denied: {""message"":""Missing Authentication Token""}",,99,ERROR,not done
66061,FLYING J TRAVEL PLAZA #709,"I-80, EXIT 173",Mill Hall,PA,14,4.01566666,4.01566666,41.1045,-77.4888,2633,41.02845,-77.52247,,"FLYING J TRAVEL PLAZA #709, I-80, EXIT 173, Mill Hall, PA",1,OK,done
66062,FLYING J TRAVEL PLAZA #716,"I-29, EXIT 83",Sioux Falls,SD,530,3.899,3.899,43.5396,-96.7311,2634,43.60293,-96.76761,,"FLYING J TRAVEL PLAZA #716, I-29, EXIT 83, Sioux Falls, SD",1,OK,done
66065,LOVES TRAVEL STOP #321,"SR 770 & I-75 , EXIT 29",Corbin,KY,410,3.599,3.599,36.9323,-84.1006,2635,36.97761,-84.11584,,"LOVES TRAVEL STOP #321, SR 770 & I-75 , EXIT 29, Corbin, KY",1,OK,done
66068,HOLIDAY STATIONSTORE #2746262,I-175 EXIT 394,Sault Sainte Marie,MI,287,3.799,3.799,nan,nan,2636,46.49361,-84.37176,,"HOLIDAY STATIONSTORE #2746262, I-175 EXIT 394, Sault Sainte Marie, MI",1,OK,done
66069,128 NEWTON GAS,"I-95, EXIT 20A/SR-128 & SR-9",Newton Lower Falls,MA,34,4.299,4.299,nan,nan,2637,42.33316,-71.25562,,"128 NEWTON GAS, I-95, EXIT 20A/SR-128 & SR-9, Newton Lower Falls, MA",1,OK,done
66070,TAURO,"SR-78, EXIT 3",Phillipsburg,NJ,90,3.34233333,3.34233333,40.6894,-75.1821,2638,40.69717,-75.19764,,"TAURO, SR-78, EXIT 3, Phillipsburg, NJ",1,OK,done
66072,GENES GO TRUCK STOP,"I-10/US-83, EXIT 456 & US-377",Junction,TX,740,3.289,3.289,30.4906,-99.7726,2639,30.43353,-99.71477,,"GENES GO TRUCK STOP, I-10/US-83, EXIT 456 & US-377, Junction, TX",1,OK,done
66073,EXXON,"I-24 & HUSBAND ROAD, EXIT 11",Paducah,KY,460,3.15733333,3.15733333,37.0711,-88.644,2640,37.01533,-88.59164,,"EXXON, I-24 & HUSBAND ROAD, EXIT 11, Paducah, KY",1,OK,done
66074,HEARTLAND XPRESS,US-67 & SR-M,Poplar Bluff,MO,275,3.199,3.199,36.7632,-90.4135,2641,36.64482,-90.42126,,"HEARTLAND XPRESS, US-67 & SR-M, Poplar Bluff, MO",1,OK,done
66075,CORNER MART #349,"I-26, EXIT 54 & SR-72",Clinton,SC,210,3.099,3.099,34.4781,-81.8638,2642,34.47299,-81.88094,,"CORNER MART #349, I-26, EXIT 54 & SR-72, Clinton, SC",1,OK,done
66078,Amoco,I-40 EXIT 447,Hartford,TN,405,3.099,3.099,nan,nan,2643,35.81675,-83.14141,,"Amoco, I-40 EXIT 447, Hartford, TN",1,OK,done
66083,KANGAROO CROSSING,SR-35,Kosciusko,MS,705,3.199,3.199,33.0585,-89.5893,2644,32.93117,-89.41665,,"KANGAROO CROSSING, SR-35, Kosciusko, MS",1,OK,done
66090,ROAD RANGER #267,US-281,Pharr,TX,639,3.564,3.564,26.1685,-98.1904,2645,26.09351,-98.20186,,"ROAD RANGER #267, US-281, Pharr, TX",1,OK,done
66091,KEYSVILLE SAV U TIME,US-360,Keysville,VA,180,3.399,3.399,37.039,-78.4804,2646,37.0768,-78.45213,,"KEYSVILLE SAV U TIME, US-360, Keysville, VA",1,OK,done
66093,KWIK TRIP #414,"I-90, EXIT 209A & US-63/SR-30",Stewartville,MN,515,3.55733333,3.55733333,43.8606,-92.4896,2647,43.85784,-92.48834,,"KWIK TRIP #414, I-90, EXIT 209A & US-63/SR-30, Stewartville, MN",1,OK,done
66099,NEW JERSEY TRUCK STOP DIESEL ONLY,"I-95, EXIT 15E & US-9/US-1",Kearny,NJ,79,3.759,3.759,40.7528,-74.1202,2648,40.72798,-74.10431,,"NEW JERSEY TRUCK STOP DIESEL ONLY, I-95, EXIT 15E & US-9/US-1, Kearny, NJ",1,OK,done
66100,CIRCLE K #2723692,"I-26, EXIT 213",North Charleston,SC,42,3.399,3.399,32.9067,-80.0722,2649,32.86898,-80.00685,,"CIRCLE K #2723692, I-26, EXIT 213, North Charleston, SC",1,OK,done
66103,TERRIBLE HERBST #243,I-95 & SR-164,Searchlight,NV,910,3.83233333,3.83233333,35.4555,-114.9204,2650,35.46556,-114.91646,,"TERRIBLE HERBST #243, I-95 & SR-164, Searchlight, NV",1,OK,done
66106,FLYING J TRAVEL PLAZA #509,"I-15, EXIT 112",Beaver,UT,910,3.689,3.689,38.2759,-112.6383,2651,38.29304,-112.65289,,"FLYING J TRAVEL PLAZA #509, I-15, EXIT 112, Beaver, UT",1,OK,done
66109,QUARTERS TRAVEL PLAZA,"I-49, EXIT 23 & US-167 /SR-744",Opelousas,LA,730,3.184,3.184,30.5252,-92.0816,2652,30.58402,-92.04672,,"QUARTERS TRAVEL PLAZA, I-49, EXIT 23 & US-167 /SR-744, Opelousas, LA",1,OK,done
66110,LOVES TRAVEL STOP #479,"I-29, EXIT143",Sioux City,IA,527,3.64233333,3.64233333,42.4959,-96.3901,2653,42.43481,-96.37935,,"LOVES TRAVEL STOP #479, I-29, EXIT143, Sioux City, IA",1,OK,done
66111,CROSSROADS EXPRESS,US-36 & US-83,Oberlin,KS,475,3.089,3.089,39.823,-100.5308,2654,39.82798,-100.51868,,"US-36, Oberlin, KS",4,OK,done
66113,7-ELEVEN #39467,"I-95, EXIT 16E",Jersey City,NJ,115,3.259,3.259,40.7184,-74.0686,2655,40.75058,-74.06033,,"7-ELEVEN #39467, I-95, EXIT 16E, Jersey City, NJ",1,OK,done
66114,LOVES TRAVEL STOP #235,"I-29 & US-169, EXIT 44",Saint Joseph,MO,400,3.33233333,3.33233333,nan,nan,2656,39.72236,-94.78579,,"LOVES TRAVEL STOP #235, I-29 & US-169, EXIT 44, Saint Joseph, MO",1,OK,done
66115,FLYING J TRAVEL PLAZA #697,"I-80, EXIT 234B",Hubbard,OH,573,3.459,3.459,41.1595,-80.5672,2657,41.18235,-80.56956,,"FLYING J TRAVEL PLAZA #697, I-80, EXIT 234B, Hubbard, OH",1,OK,done
66116,ONVO TRAVEL PLAZA - HARFORD,"I-81, EXIT 217 & SR-547",Harford,PA,200,3.589,3.589,41.7834,-75.7036,2658,41.7877,-75.68452,,"ONVO TRAVEL PLAZA - HARFORD, I-81, EXIT 217 & SR-547, Harford, PA",1,OK,done
66117,ONVO TRAVEL PLAZA PINE GROVE,"I-81, EXIT 32",Pine Grove,PA,70,3.539,3.539,40.5535,-76.386,2659,40.59109,-76.40774,,"ONVO TRAVEL PLAZA PINE GROVE, I-81, EXIT 32, Pine Grove, PA",1,OK,done
66119,FLYING J TRAVEL PLAZA #645,"I-270 & SR-11, EXIT 6",Granite City,IL,540,3.619,3.699,38.7296,-90.1268,2660,38.76041,-90.06545,,"FLYING J TRAVEL PLAZA #645, I-270 & SR-11, EXIT 6, Granite City, IL",1,OK,done
66120,LOVES TRAVEL STOP #306,"I-40/SR-66, EXIT 412",Dandridge,TN,405,3.689,3.689,36.0284,-83.4308,2661,36.01167,-83.53211,,"LOVES TRAVEL STOP #306, I-40/SR-66, EXIT 412, Dandridge, TN",1,OK,done
66121,ROAD RANGER #226,"I-65, EXIT 99",Greenwood,IN,375,3.60066666,3.60066666,39.6019,-86.1073,2662,39.60985,-86.07212,,"ROAD RANGER #226, I-65, EXIT 99, Greenwood, IN",1,OK,done
66122,ROAD RANGER #139,"I-57, EXIT 212",Tuscola,IL,280,3.229,3.229,39.7968,-88.2749,2663,39.79194,-88.2681,,"ROAD RANGER #139, I-57, EXIT 212, Tuscola, IL",1,OK,done
66123,ROAD RANGER #225,"I-80, EXIT 56",Princeton,IL,290,3.375666666666666,3.449,41.3807,-89.464,2664,41.39871,-89.47426,,"ROAD RANGER #225, I-80, EXIT 56, Princeton, IL",1,OK,done
66125,LOVES TRAVEL STOP #249,"I-55, EXIT 109",Williamsville,IL,318,3.4256666666666664,3.489,39.9548,-89.5468,2665,39.961,-89.56186,,"LOVES TRAVEL STOP #249, I-55, EXIT 109, Williamsville, IL",1,OK,done
66126,LOVES TRAVEL STOP #209,"I-20, EXIT 3 & US-80 & SR-169",Greenwood,LA,745,3.134,3.134,32.4359,-93.9643,2666,32.44459,-93.98269,,"LOVES TRAVEL STOP #209, I-20, EXIT 3 & US-80 & SR-169, Greenwood, LA",1,OK,done
66131,SPEEDWAY #3446,"I-95, EXIT 10 & SR-440",Edison,NJ,115,3.58566666,3.58566666,nan,nan,2667,40.53095,-74.32538,,"SPEEDWAY #3446, I-95, EXIT 10 & SR-440, Edison, NJ",1,OK,done
66133,LOVES TRAVEL STOPS #228,"I-4, EXIT 44",Polk City,FL,225,3.425,3.461,28.1805,-81.8296,2668,28.15721,-81.80619,,"LOVES TRAVEL STOPS #228, I-4, EXIT 44, Polk City, FL",1,OK,done
66134,CIRCLE K #2721591,"I-10, EXIT 10 & US-29/SR-95",Pensacola,FL,155,3.22233333,3.22233333,30.4413,-87.1911,2669,,,"ERROR: 403 Denied: {""message"":""Missing Authentication Token""}",,99,ERROR,not done
66135,CIRCLE K #2721592,"I-10, EXIT 5 & US-90 ALT",Pensacola,FL,155,3.22233333,3.22233333,30.4413,-87.1911,2670,30.5327,-87.27407,,"CIRCLE K #2721592, I-10, EXIT 5 & US-90 ALT, Pensacola, FL",1,OK,done
66136,CHOCTAW TRAVEL PLAZA #638,US-270 & US-59 & US-112,Poteau,OK,645,3.299,3.299,35.0282,-94.6346,2671,35.09694,-94.63392,,"CHOCTAW TRAVEL PLAZA #638, US-270 & US-59 & US-112, Poteau, OK",1,OK,done
66137,CIRCLE K #2721594,"I-10, EXIT 263",Slidell,LA,725,3.17066666,3.17066666,30.2887,-89.7828,2672,30.26944,-89.75224,,"CIRCLE K #2721594, I-10, EXIT 263, Slidell, LA",1,OK,done
66138,LOVES TRAVEL STOP #307,"I-75, EXIT 201",Jackson,GA,18,3.38566666,3.38566666,33.292,-83.9679,2673,33.20844,-84.05836,,"LOVES TRAVEL STOP #307, Jackson, GA",3,OK,done
66139,LOVES TRAVEL STOPS #305,"I-81, EXIT 291 & SR-651",Toms Brook,VA,60,3.649,3.649,38.9465,-78.44,2674,38.96279,-78.43991,,"LOVES TRAVEL STOPS #305, I-81, EXIT 291 & SR-651, Toms Brook, VA",1,OK,done
66141,QUICK FUEL #5102,"SR-826, EXIT NW 58TH ST",Miami,FL,95,3.389,3.389,25.784,-80.2101,2675,25.82838,-80.21097,,"QUICK FUEL #5102, SR-826, EXIT NW 58TH ST, Miami, FL",1,OK,done
66142,QUICK FUEL #5106,SR-589 & SR-580,Tampa,FL,225,3.49233333,3.49233333,27.9945,-82.4447,2676,28.03274,-82.39873,,"QUICK FUEL #5106, SR-589 & SR-580, Tampa, FL",1,OK,done
66149,QUICK FUEL #5105,"I-75, EXIT W BRANDON BLVD",Tampa,FL,225,3.50066666,3.50066666,27.9945,-82.4447,2677,27.95636,-82.3275,,"QUICK FUEL #5105, I-75, EXIT W BRANDON BLVD, Tampa, FL",1,OK,done
66152,Flying J Travel Plaza #656,"I-65, EXIT 95 & CR-500",Whiteland,IN,375,3.959,3.959,39.5505,-86.0739,2678,39.54941,-86.10346,,"Flying J Travel Plaza #656, I-65, EXIT 95 & CR-500, Whiteland, IN",1,OK,done
66155,7-ELEVEN #36575,"I-35, EXIT 248",Pflugerville,TX,595,2.899,2.899,30.4515,-97.6018,2679,30.44215,-97.66804,,"7-ELEVEN #36575, I-35, EXIT 248, Pflugerville, TX",1,OK,done
66156,7-ELEVEN #36567,SR-6 & SR-21,Bryan,TX,670,3.144,3.144,30.665,-96.3807,2680,,,"ERROR: 403 Denied: {""message"":""Missing Authentication Token""}",,99,ERROR,not done
66167,PETRO-CANADA,HWY-2 & HWY-19/HWY-625,Nisku,AB,80,3.7344575466666665,3.73711612,nan,nan,2681,53.33788,-113.54279,,"PETRO-CANADA, HWY-2 & HWY-19/HWY-625, Nisku, AB",1,OK,done
66172,Timewise Food Store #163,"I-35, EXIT 8",Laredo,TX,693,2.93566666,2.93566666,27.5625,-99.4874,2682,27.45191,-99.47833,,"Timewise Food Store #163, I-35, EXIT 8, Laredo, TX",1,OK,done
66173,TIMEWISE FOOD STORE #160,"I-10, EXIT 661",Flatonia,TX,740,3.199,3.199,29.6888,-97.1059,2683,29.69651,-97.12711,,"TIMEWISE FOOD STORE #160, I-10, EXIT 661, Flatonia, TX",1,OK,done
66174,TIMEWISE FOOD STORE #162,"I-10, EXIT 456",Junction,TX,740,3.099,3.099,30.4906,-99.7726,2684,30.43486,-99.71292,,"TIMEWISE FOOD STORE #162, I-10, EXIT 456, Junction, TX",1,OK,done
66176,PILOT #6996,"I-40, EXIT 364",Warsaw,NC,245,3.47233333,3.47233333,34.9994,-78.0928,2685,34.9885,-78.13144,,"PILOT #6996, I-40, EXIT 364, Warsaw, NC",1,OK,done
66177,PILOT #6978,"I-74/I-73/US-220, EXIT 44 & SR-211",Candor,NC,65,3.999,3.999,35.2964,-79.7323,2686,35.24953,-79.73194,,"PILOT #6978, I-74/I-73/US-220, EXIT 44 & SR-211, Candor, NC",1,OK,done
66178,LOVES TRAVEL STOP #284,I-69C/US-281 & FM-2812,Edinburg,TX,639,3.11066666,3.11066666,26.3196,-98.1597,2687,26.38774,-98.14088,,"LOVES TRAVEL STOP #284, I-69C/US-281 & FM-2812, Edinburg, TX",1,OK,done
66179,LOVES TRAVEL STOP #246,I-80 EXIT 46,Fernley,NV,966,3.91566666,3.91566666,39.5627,-119.1906,2688,39.61799,-119.26659,,"LOVES TRAVEL STOP #246, I-80 EXIT 46, Fernley, NV",1,OK,done
66182,CIRCLE K #2706708,"I-185, EXIT 10",Midland,GA,50,3.339,3.339,nan,nan,2689,,,"ERROR: 403 Denied: {""message"":""Missing Authentication Token""}",,99,ERROR,not done
66183,CHEVRON CURB STORE,SR-35 & SR-21,Forest,MS,705,3.569,3.569,32.3595,-89.4761,2690,32.33331,-89.48273,,"CHEVRON CURB STORE, SR-35 & SR-21, Forest, MS",1,OK,done
66184,HENRIETTA TRUCK STOP,"I-390, EXIT 12 & I-90, EXIT 46",Henrietta,NY,190,3.899,3.899,nan,nan,2691,43.0824,-77.61168,,"HENRIETTA TRUCK STOP, I-390, EXIT 12 & I-90, EXIT 46, Henrietta, NY",1,OK,done
66185,TIGERMART OF BUFFALO,"I-45, EXIT 178 & US-79",Buffalo,TX,670,3.599,3.599,31.46,-96.066,2692,31.46189,-96.06336,,"TIGERMART OF BUFFALO, I-45, EXIT 178 & US-79, Buffalo, TX",1,OK,done
66186,STRIPES #40813,US-281 & SR-285,Falfurrias,TX,625,3.08733333,3.08733333,27.2243,-98.1452,2693,27.22668,-98.14221,,"STRIPES #40813, US-281 & SR-285, Falfurrias, TX",1,OK,done
66190,PETRO-CANADA,HWY 1 EXIT 44,Coquitlam,BC,800,4.58192127,4.63022827,nan,nan,2694,49.23136,-122.85375,,"PETRO-CANADA, HWY 1 EXIT 44, Coquitlam, BC",1,OK,done
66193,PETRO-CANADA,ST 97,Fort Nelson,BC,850,4.818805098333333,4.8535063,nan,nan,2695,58.80228,-122.68319,,"PETRO-CANADA, ST 97, Fort Nelson, BC",1,OK,done
66195,MOBIL,"I-495, EXIT 26 & SR-62",Berlin,MA,34,3.699,3.699,nan,nan,2696,42.39116,-71.60572,,"MOBIL, I-495, EXIT 26 & SR-62, Berlin, MA",1,OK,done
66196,EXXON TIGER MART,"I-35, EXIT 386",Italy,TX,630,3.12233333,3.12233333,32.1857,-96.8867,2697,32.19694,-96.90012,,"EXXON TIGER MART, I-35, EXIT 386, Italy, TX",1,OK,done
66198,CIRCLE K #2703117,"I-20, EXIT 11",Graniteville,SC,135,3.159,3.159,33.5646,-81.8078,2698,33.60937,-81.84515,,"CIRCLE K #2703117, I-20, EXIT 11, Graniteville, SC",1,OK,done
66203,PETRO-CANADA,TCH-16 & HWY-97,Prince George,BC,850,4.475100228333333,4.57373432,nan,nan,2699,53.91826,-122.78161,,"PETRO-CANADA, TCH-16 & HWY-97, Prince George, BC",1,OK,done
66217,PETRO-CANADA,I-16,Hinton,AB,80,3.78861038,3.79293563,nan,nan,2700,53.39675,-117.6013,,"PETRO-CANADA, I-16, Hinton, AB",1,OK,done
66219,PETRO-CANADA,HWY-3,Lethbridge,AB,50,4.044280196,4.12724408,nan,nan,2701,49.69813,-112.7907,,"PETRO-CANADA, HWY-3, Lethbridge, AB",1,OK,done
66221,ROAD RANGER #236,"I-43, EXIT 38",East Troy,WI,420,3.08233333,3.08233333,42.7846,-88.3973,2702,42.79054,-88.38935,,"ROAD RANGER #236, I-43, EXIT 38, East Troy, WI",1,OK,done
66223,7-ELEVEN #36548,SR-83,Laredo,TX,693,2.999,2.999,27.5625,-99.4874,2703,27.53092,-99.50231,,"7-ELEVEN #36548, SR-83, Laredo, TX",1,OK,done
